solar_intensity,temperature,cloud_cover,energy_output
749.816047538945,26.851329288386196,26.170568373590598,3.0563416065957574
980.2857225639665,30.419009473783582,24.697879907199983,4.10777021922983
892.7975767245621,33.729458358764084,90.62545805210367,2.9515010682465403
839.4633936788147,32.32224886409561,24.95461998495061,3.1647302201426015
662.4074561769746,33.0656114786145,27.1949726128631,2.4999697237225917
662.397808134481,31.587833667107173,75.93982624179637,1.9469591580356833
623.2334448672798,31.922765645178526,44.973984245054,1.9910443550576682
946.470458309974,33.49195651565319,77.67105569551812,3.30014145101585
840.4460046972836,27.49668008859186,6.536615756438524,3.409306740860364
883.2290311184182,29.894249636431404,48.75711936733843,3.3715542503381464
608.233797718321,27.212094418196024,3.3613600183282633,2.3603763492261947
987.9639408647977,34.87668007996647,6.265320345535452,4.044365870684951
932.9770563201687,34.440593396866134,90.64374533444109,2.9174000416973214
684.9356442713105,25.394268113685058,13.924537111759516,2.8888163254642487
672.7299868828402,32.05575172515688,53.24206822752171,2.1271878782665676
673.3618039413735,34.25248317415666,41.10956026007065,2.424036524614678
721.696897183815,26.805753451273336,34.73433262588427,2.671445944329536
809.9025726528952,30.679452305526294,89.98333456872724,2.3653546757073833
772.7780074568464,34.15488297588042,2.18233967754895,3.0473165369962683
716.4916560792168,25.33945978585799,66.37896861755891,2.535460560504029
844.7411578889518,31.9742026724684,96.33944342135504,2.605237483988174
655.7975442608167,27.973490073725507,56.016818346184195,2.104521006718672
716.8578594140872,34.24396195376531,93.68224620330918,1.978589418547317
746.5447373174767,34.71058245165368,5.225787928602377,3.0364324318850406
782.4279936868144,34.44266489113434,41.87933190741614,2.91623323312747
914.0703845572054,29.742142166574638,26.015779096205115,3.860201211481777
679.8695128633439,33.620426509893136,73.08209649807299,1.960141204559218
805.6937753654447,33.4454939853507,98.12970904972467,2.2456571380147587
836.965827544817,28.191004732432557,25.65300624442478,3.3231324645188587
618.5801650879991,33.28915474150678,65.41746014740745,1.7989711797940742
843.0179407605754,25.370076347154928,19.809763275974014,3.413214651478977
668.2096494749167,30.96269878482053,56.53302545716099,2.0607489256170584
626.0206371941118,27.30008837287703,46.39324866883362,2.154547719979671
979.5542149013334,26.20566885777279,97.2005329631537,3.396787132562629
986.2528132298237,25.769532016292093,60.85272726964666,3.8106258526679686
923.3589392465844,31.9628877587814,34.950637208681876,3.552181035500469
721.8455076693483,28.398749637680663,11.409578488793336,2.904116689284618
639.0688456025536,32.24766771528761,15.124682873493455,2.3067207305452504
873.6932106048628,25.653563407989424,22.53169299512351,3.7190976960257687
776.0609974958405,28.152903378306103,25.0966661340298,3.1698051920451578
648.8152939379115,30.394912923753374,85.06160578411378,1.600943367149543
798.0707640445081,32.90723164838963,56.12227882825249,2.6780353129529826
613.7554084460874,28.1875250293207,52.33909113743665,1.8319827047606485
963.7281608315128,31.258913764370092,11.476887186921747,4.013691263560255
703.5119926400067,33.85977748236187,86.0139693349435,1.9718809232243255
865.0089137415928,31.158631881823045,72.28143032084837,2.834093105893167
724.6844304357644,27.329594747536337,6.766836190000158,2.9169759140155627
808.0272084711244,25.24400781556538,70.78350972297687,2.7270250516063954
818.6841117373119,33.7009887390093,54.353821734264606,2.8965892995036215
673.9417822102108,25.21269410850387,8.172534574677826,2.7906641168378234
987.8338511058234,33.74701672684199,45.830064152865646,3.7337545241298957
910.0531293444458,30.28937134027212,48.469628713004695,3.4774640200006797
975.7995766256756,34.39067698512896,16.577454016327575,3.9707417948037973
957.9309401710595,32.98783235773665,94.56981470002823,3.157034395667677
839.1599915244341,34.979341105333376,84.99753714806619,2.813582973064694
968.7496940092467,28.5071181545171,66.90223373291083,3.738629874805818
635.3970008207677,32.67188288931127,46.22955610006072,1.9312936616242466
678.393144967658,29.01930913609242,41.17655415845085,2.4827872423198505
618.0909155642153,29.79875620303909,65.09734671509541,1.9246456420584999
730.1321323053057,31.2750546321837,54.543186940690546,2.3649013706006876
755.4709158757928,33.736771141863386,6.227310588188562,3.122223815035297
708.5396127095584,34.84083469199295,51.25026487703317,2.4871719127788565
931.4950036607718,32.68273413864518,80.64036172328395,3.0851622376736745
742.7013306774357,29.17766782167334,45.923987759695805,2.5789631372553274
712.3738038749523,29.213570022770703,5.195657755426842,3.0274071880494295
817.0784332632994,32.37582301588891,78.6278199384033,2.6787470376972506
656.369689989905,27.387771457683023,20.13637821359744,2.5878768661838425
920.8787923016159,26.104741131313947,25.862083488803876,3.857737225633811
629.8202574719083,28.546221576407767,16.47063534322959,2.452540094491905
994.754774640207,27.87238991654082,33.02150648714976,3.9534637971676125
908.897907718663,27.963081204559902,75.6751505688635,3.333208179475627
679.4862726136689,27.3360775104991,51.93858595039374,2.448282952597203
602.208846849441,25.42093189636362,20.488127415071254,2.2748052477624165
926.1845713819337,25.178739347334137,87.78300781520409,3.245170296829559
882.7429375390468,34.87722389736032,87.95818549515292,2.683477604540926
891.602867216395,29.277731337358624,87.05784250460069,3.053306759890579
908.5081386743783,28.843266471596817,23.87962113815393,3.78408489672983
629.6178606936362,31.7964728269307,45.12393441809881,2.0547014010486477
743.386291417709,27.182538878650643,98.49896561408751,2.300726359361707
646.3476238100519,34.49961183950225,77.20124763099903,1.73632568285223
945.2413703502374,32.86345014415552,2.716742122555982,4.098231020231878
849.3192507310232,25.894110023122597,6.5204591260492055,3.56154302806296
732.3592099410597,29.175807757849284,46.39313768123328,2.611993302648556
625.4233401144095,33.791183075621646,90.92202058615601,1.524637407407771
724.3929286862649,34.4473202229141,53.870179795271426,2.416847233224422
730.0733288106989,29.674015112498697,49.781250803429025,2.5221211408858943
891.8424713352256,31.134113892107077,10.547369995663058,3.717909119310189
855.0229885420853,26.67033946092075,65.6780104724294,3.167532765911868
954.8850970305307,34.911686261369766,82.21031606002255,3.210412175601211
788.8859700647797,27.316717013834435,38.04200075075623,2.85701779246578
647.8376983753207,34.42731774135126,77.56118509253275,1.9499886765447927
885.297914889198,31.496466489923684,96.44766539008116,2.970228998615753
904.314019446759,31.07736794878859,20.376645912768907,3.567030009619772
824.5108790277985,30.126885110165084,52.33296311947413,3.0656578422654692
908.3868719818245,27.306698117177586,28.713795808457554,3.658364962425861
797.5182385457563,26.765280320055084,79.28544190338394,2.685779888826946
809.0931317527976,27.204862090701752,57.75933658811575,2.953197463970145
771.0164073434198,26.864382621442545,63.45824175503038,2.6597711867063123
610.1676506976381,32.79584473566753,79.79141596158941,1.5186306326003065
643.1565707973218,28.501252591667303,39.59704726624549,2.1807332242591824
612.5716742746937,25.578426765633964,91.50900684070432,1.5445805761056217
854.5641645055122,34.691026301408115,53.302886724614,2.962789208430214
725.7423924305307,33.83785884963426,15.7954822835348,2.787282133319685
803.4282764658811,34.277522831952126,69.58991181688025,2.5641158086104854
963.0265895704372,34.94907822646435,79.32613504382545,3.3910952394559066
699.71689165955,26.738952492194873,31.67616770675267,2.795768346919919
764.1531692142519,28.962420189026588,85.7179256998753,2.3263328611549703
902.2204554172195,32.58238475704091,90.61432547657664,2.9772517772330502
691.519266196649,31.960206180537924,27.690448737780894,2.5914562310249716
630.7919639315172,26.53895906339855,98.3521472715222,1.6868593927663207
715.9005811655072,33.158331249906176,14.071152804875842,2.783220279572263
664.4885149016018,27.244405718366608,20.201566840248997,2.6498070335741586
971.8790609370292,27.23817614822623,18.422483923802613,4.178631837750661
923.2481518257669,30.369744228934135,89.39897100078704,2.991089922309552
853.3615026041693,30.929399348417032,65.42925523249619,3.0808425801664723
948.5842360750871,30.80086207837811,15.210428322227287,4.063528739312274
921.4688307596458,25.914868373977548,44.032341836834895,3.572394757532471
674.6280235544143,33.7746086263038,61.529802506980204,2.0861437037209534
957.0235993959911,27.65600042588706,8.34640849893833,4.216866802753938
815.7368967662603,26.295149212828044,88.24163684073388,2.6494337492094657
922.976062065625,33.88748079868977,80.36035354415351,3.240824963689396
958.4365199693973,34.556514982297536,50.52067735766382,3.8322327760863337
727.2013899887455,33.621276172654504,96.71266152591704,1.9178562079679689
644.0207698110707,33.095160747248784,41.77609792750997,2.002335194519901
691.1740650167767,31.55241980639022,98.41103190364979,1.871093469480069
770.8431154505025,30.508573706091394,66.79199988036271,2.6482803548396725
927.2059063689973,25.8698675991141,63.467127325394145,3.460874269224286
944.2922333025374,29.084532130706986,16.5954895295785,4.119141694934865
602.7808522124762,28.72688517012314,88.1927758304644,1.4235782193829494
804.2989210310263,27.597537837603262,42.74896879206152,3.1113460227856127
766.9644012595115,32.23420113688585,16.223340578247935,2.967318495701472
688.8431241882921,29.958757350787707,1.260751997575904,3.0043707445706773
647.9461469334731,25.81046215907648,55.975568363838256,2.363017343164265
735.0460685614512,27.201832019498113,52.739962212267635,2.5271284215162826
977.1638815650076,31.83258763659596,71.93536223691585,3.4748583191331024
729.2811728083021,25.761308594903003,89.02580530178021,2.3268804278236286
807.5162486973464,33.51206914048769,7.9406584643029525,3.2492202110549977
881.2075835580711,29.951465270139742,73.14964903403623,3.0709710002539743
745.4518409517176,29.80586577326648,18.741194409758222,2.9462687872499167
988.7128330883843,30.924077846595175,85.8177053157164,3.274938239733089
984.9789179768445,33.24680965925149,81.90635138616561,3.4395111082281127
700.7129183301456,28.47809207902193,54.07937549855444,2.324236217678328
798.8994023569542,31.780161525590636,71.02427986233116,2.5993387004096693
720.3513239267079,30.65731963995791,31.43501131837484,2.8186233139975143
713.936197750987,27.670282701694212,47.116789893281464,2.4194567463603107
614.7547789418131,33.78629986355158,82.16368977104716,1.6577315184023602
843.8257335919587,32.97426021606928,45.92651971732139,3.072481973432013
801.0716092915446,31.584518346584254,35.77982653254418,2.987893397351013
620.5915004999957,33.50581729094242,49.421244725029986,2.0176658990360017
711.4585856946446,33.672942009598025,82.82492524372184,2.089589965300933
963.3063543866615,32.08362976715035,33.520804737087275,3.8967124289413815
695.824756266789,33.37013328363672,17.37615931357438,2.734777988578753
657.9579488364892,31.974714616692836,71.20140203307808,1.9051505931994763
795.7811041110252,31.801407717603006,82.59782127080818,2.455675480044209
994.2601816442402,31.186113782151843,10.063747852353334,4.138426101398851
696.8221086046002,32.527166395576415,23.98741127559447,2.5111520493576323
868.8542189623514,26.58605105293074,14.19719897609939,3.9654875265230216
904.6478461314871,33.80870759198928,34.79414115821666,3.623591625309162
695.0550175969598,33.71843527745232,45.035097890541266,2.215447966909538
891.2865394447438,25.29247283034559,74.88263369633064,3.069511107979144
747.1132530877013,33.25816750564763,65.11475848816741,2.467441936615729
852.9223322374318,26.28869867473445,62.092856747843115,3.1726355999518354
853.4118843043578,28.35118854259142,35.23749466096544,3.4025490875920434
814.3098736299034,32.43508256291608,84.144755308476,2.555904584451066
636.1159080217633,26.60759896048308,47.128716739816454,2.1645949675007006
934.1209982356952,33.17967024119062,97.91049380151546,3.0606946007554447
728.3120259886944,33.32134177957742,63.41421382957368,2.3495804566855196
674.6074041599417,30.074677337608364,12.626474156450273,2.423348695208285
616.3100566219056,25.063858717168337,67.6177562075434,1.8811155836332076
836.3571772752967,27.87038133174913,32.5104015431699,3.2141336008837706
871.0257447369129,31.16926918375742,68.63271966860974,3.06293728521417
606.6351315711424,34.811861780274235,6.964114816240574,2.565823174348163
804.8372233197124,31.318135270166685,17.48814371759594,3.259690140566699
690.5983100791752,27.598035810641598,85.57372589057863,2.013940606660018
858.0691161637799,31.340057030996114,22.71795570235149,3.528545033373188
669.7465716019966,30.399853797158556,83.704112524294,1.9519634455447932
876.3750952409864,32.79845395151143,27.927608845441043,3.4886397577654775
754.6941385202149,26.069806388269583,64.28819100587077,2.669877714098542
974.6919954946939,32.61027902502028,69.4150573509831,3.7327581799461873
655.0083776583973,30.412665786761103,51.265475314505295,2.0410449758791196
736.4265404201034,34.629920038589944,30.531067669673128,2.7315868323131327
645.3894084962357,28.41872166038686,21.264437637109612,2.3532901199041913
969.8774473114252,31.326218931339483,3.318935456242622,4.245224768002135
950.9357413523924,34.320281055100175,30.39464012407238,3.672458033270625
703.1766510860623,26.02509727990679,65.3162790531283,2.3004818379403846
863.9936184136716,34.37228487236451,93.83048184484826,2.664708584748794
926.8888800804864,31.878857223008133,87.1204482263052,3.223244445613689
822.080324639785,25.67837059105172,76.60647765353026,2.9226148792368294
811.8602313424026,28.009635669468164,78.84473432532987,2.5860893624247123
696.7409163601807,32.081720886452814,66.49849034759953,2.1825786716958366
637.2411071223597,25.673506014687717,26.0286857566003,2.341490572277124
958.8863031813307,30.821704601762733,90.71950307058299,3.1449519020980357
960.1672228653322,28.458830569529567,67.0732311905834,3.539225485987799
853.2405829093071,31.20915517767477,56.04406309804399,3.050730901167019
735.6119164194803,25.45742033812513,11.098946921348107,3.3005933547559705
739.6838298450643,33.71536806152376,44.70555438064254,2.6203522267244908
890.3822715480958,34.73488969177397,46.03582712019263,3.1590935426276494
958.8441039810309,34.68877855285692,86.45636095226699,3.1794039389082522
954.834569706047,32.49651831742925,54.66482201877885,3.6797325915368013
911.9502183430495,26.30086240130632,38.04005489704097,3.8621775720057046
856.812658461715,32.582631959290225,97.68003285106593,2.4970119933883153
633.6559859980196,25.245869164588015,11.072059332631568,2.364649514858117
664.6514856378456,25.221235515289973,42.25484283119446,2.5833808071086626
959.4216754108318,28.236102191495412,4.202467517140529,4.229323075789936
842.571623863836,29.88643190404666,73.99041207669303,2.78839608728368
603.6788206466518,32.70407417807793,91.80765521991506,1.4996989760847936
640.5886171464128,31.832953766065053,28.003732955048942,2.0226719069585863
865.4007076432224,29.459027063767483,85.83416767991208,2.8798188708013575
602.0246335384875,27.73626666281666,29.221823046189776,2.195961721258515
664.3232205669995,34.97124500157711,91.07701616439152,1.8038480551133231
819.4935157466344,29.26181302235973,75.3961903596784,2.6568798194599403
876.7580790770774,29.513870243296754,80.49067768414386,2.997174929818349
860.7845038010403,26.63623821191669,1.80065556004545,3.6606487365604545
689.707723784224,32.948095487499295,96.2810357074026,1.8523047276645392
884.8716885390144,31.936822257814885,72.66709920703232,2.969416373232149
694.89963499872,27.207696127887605,30.47510953861333,2.5847830731336927
730.1598792637071,25.823810456158427,82.9394664858847,2.2053469828574976
898.5965620472097,31.80499302074713,28.152119841492997,3.6404753755885415
859.8531596188859,31.54511214281135,87.2753839566128,2.881454827337741
939.6893641976712,27.73259526998209,11.258039041193701,4.007752468181035
863.0451569201373,34.5086356225041,70.36859774607957,2.925190894185812
827.3234413341886,26.510578917809003,54.069847664491036,2.920848010206498
637.469907131237,29.32334801042602,9.653447019544082,2.4743804404515455
747.0863212237734,34.43615920167599,24.189382825883897,2.799794132122334
706.0809470726902,29.197273169261223,1.240403627731479,3.1961345448039093
697.5958573516334,31.385259476640854,46.876796546450585,2.280309429183428
989.2042219009782,28.975943979627942,30.126526076000037,4.211654693027575
757.2390898667041,27.7421520234867,59.83574842977588,2.7326808019126085
956.8186220708453,34.839776479598285,29.72378077086172,3.8181234135026574
852.4554503989052,29.09334006315043,29.99191115069847,3.556353387644046
917.9245214166594,33.94099203679134,74.31931987316034,3.2048201148765534
801.0548372420768,27.299546058910863,4.814283597835345,3.450056348620606
830.7615538505436,27.131047040250834,90.28949951919873,2.7029797679539596
797.0070775275456,25.311340828845115,85.22638743911814,2.748901584911507
678.0971951192178,31.51666825375885,66.78046832264066,2.2019948506755935
888.980846104602,28.685263437237612,59.32215701073843,3.215409662921253
712.3089449763423,33.64358249839637,89.23024981396523,1.8644458573142553
609.7263865725815,29.732099066915573,18.533017952871443,2.248361708256316
858.1889183628671,34.681934279147214,7.896916219082861,3.4383328876007986
670.8442717628195,26.855255157031213,23.95101699095381,2.5712536283023995
976.1834337411658,33.68623167955611,79.45782787001903,3.536358069882931
981.5714308010349,32.765968527917416,3.4670266726483323,4.172137351211664
965.9457560881795,32.70921844644052,58.280683508348964,3.5884552382974397
748.0634801021778,33.44783228116888,99.54375161913099,2.081725512177041
606.1826466115469,32.61023990942999,85.56960938375394,1.6078554292521239
971.3274250350901,31.262203216314155,52.14456890435895,3.4852584384071177
771.2736593269258,26.312448776823874,6.364090928664234,3.2058083823349794
986.6619276174679,25.32526179491252,83.13735143857099,3.616559257031327
985.4479908357011,34.20847847815687,59.89785081772106,3.764099772080844
941.203782186944,31.16650314520738,11.493299705956684,3.9185656062203846
717.7795568278343,32.96537290976176,9.38572848233562,2.6480777705163927
754.0390914407701,29.815223515125503,90.96268194365923,2.3262353120613612
940.4546686067428,26.173081889623944,66.92002629380784,3.446075203420594
726.7688020625111,26.251857922025504,82.92867993167555,2.1605533866462534
667.7970986744369,31.855652872289713,87.89789002822673,1.760458996672801
822.7205049833401,29.303058948994625,57.17723520483222,2.9373164581229005
974.4619096643123,27.005247267003366,51.74463517550413,3.7542837847726322
878.4119186699892,29.915945467414367,43.042741032099016,3.1427566679707613
828.0244680357459,25.64208937075134,31.69465877911193,3.400040584661297
638.8705975083074,30.819714019143987,43.459596085871176,2.2708502504278174
846.0028906796679,27.689934044350977,77.38796557301563,2.9674883159151135
996.0215400417053,32.97559100637188,60.19234310151316,3.6049038820234767
656.0336060946096,28.103619589235738,89.2523289954846,1.8054231953387354
807.3318609454947,29.552201490818014,44.33800143791877,3.0015831290089796
950.9492287711821,25.116205399081007,60.7089578718754,3.7052118961117273
896.3074471016818,25.72446887794559,63.130755309198875,3.402574353729316
878.8062963981072,28.92493556406685,59.16971623063255,3.150418228525024
880.9936335948437,29.799388347171234,70.26337730855164,3.1145461835866333
743.7964604879021,31.000205481193035,23.74334683748063,2.907272764902367
717.4367377057973,27.916625787093032,51.23637775457907,2.662069627456012
923.7444621914054,31.949818861265427,10.422480280834767,3.9459517849058434
924.0453578716723,33.60122397189205,38.45113276448126,3.64259665101326
946.8289274320415,32.798509888933495,48.76670686212644,3.59889003355321
965.2962210225885,25.396188253483572,65.22242595454725,3.8073789950181487
804.5369595443751,29.80506947257829,95.05310525862035,2.5170286352800564
800.6065178748798,26.04930178418175,60.06510665483559,2.7952866961250513
919.3180715867101,27.420450158625275,74.35939161765597,3.4449244355970046
859.9855723111061,34.86662593267147,50.626605949520275,3.166119610660801
880.7867509030814,26.42495542901513,63.41040313763313,3.197026212445925
918.3170677744404,29.98888153451356,7.093221613377343,3.872926195308233
956.0021367270265,31.18155734318119,25.439158084184697,3.9316455104437376
735.1980627406143,32.024649705441036,36.185309320513866,2.719962705915871
750.2331810559776,30.59648683486914,47.249335500651355,2.6864720401391127
637.5927759363476,25.097708474191837,4.564874550238374,2.671491832039806
831.3120563984696,28.26461308243992,14.002409755331769,3.6212396602478703
614.3769095186968,30.177116433847115,27.68143077913058,2.2986822263487245
786.2392072529841,25.878664991448332,97.15326909010507,2.4611536046614058
817.0578538830307,28.506269312091806,33.134700710305076,3.277947934147015
714.6165008513137,25.332031087913666,48.20410581120825,2.481148434033459
836.3333042276042,25.785784971550207,19.609771273839293,3.5096458139633055
612.2000999756198,28.96923276201596,61.07800710757682,2.0517664085353227
614.9392754996858,26.327157540430605,28.068321551597432,2.2456654216346053
929.0402242638634,30.67540848261558,20.699257843842677,3.73993698036667
744.0762565645051,31.894649691372656,51.65726284459791,2.5007067716897873
650.8242050607539,33.005866991090826,0.5505799160420821,2.4795345825872936
808.8973040219217,27.0015024424481,0.7664032649225327,3.4183162477986513
907.9974212394443,26.674825822590698,21.906880910185777,3.750370970784547
686.3284109987372,26.045678403344002,3.672136250082114,2.7334504225081204
849.1561903276001,31.364302495436366,10.802575413069137,3.5120309809935426
634.1389859975072,32.06475726486901,33.88606493387516,2.280766852730069
620.6726884674431,25.31586144825642,80.25856795798128,1.7036849157775822
812.5418526272592,34.3621224624369,57.204864336930086,2.955346562882435
816.2540486440425,25.519712836514724,51.26677259564164,3.1092874693862615
854.9719605992826,30.412963353010703,29.348882320812166,3.4761697712904835
890.4365334890647,32.090605194509166,93.17537194328163,2.81283338873711
990.3408317850138,33.70969123746086,39.70150412371917,3.965947815645322
806.5201393204782,32.140869321324274,8.70927667957715,3.193497153340603
729.1825891764984,33.01728083069792,61.70665161178013,2.457525563234383
918.0744779074814,28.39450192542806,11.38383934766014,3.925827891531598
708.3329005048297,33.148251137465124,34.52231428016921,2.588801458971632
775.5885682822544,25.80114846384675,50.74119387178089,2.736948472854043
631.3825525369064,33.94816656060527,87.42225246851758,1.51421992255959
610.140297366183,30.475923761537363,49.35465803401187,2.0073592530853874
985.05936587117,33.17297769962494,70.22587660316643,3.464743708909267
934.3920482048823,29.523182845183,99.28168389990704,3.135000374331593
878.3896824374792,31.43577695196525,13.148911989798162,3.4950299726040854
763.5811777657079,30.26402660936113,27.47315255195195,3.0227112523884645
669.3177280283383,32.31589521755332,39.45760755976464,2.1824423287161276
662.5748170684344,25.816299820305897,42.18281785388314,2.4299499041651753
700.0971592658382,25.603520839905638,41.102107526554576,2.6399573976301327
819.6906658824482,27.471032340101466,90.76110025565549,2.5717444982106996
885.8383690800249,26.595446801131885,71.40326444668564,3.241452921619103
864.0789506870925,33.71783566592202,60.79052140907037,3.0641770523596743
711.9735587783771,27.192139873580444,30.93727178627821,2.6527680929382207
981.9461122652776,34.758652558191315,82.37903842212947,3.2899116575336467
895.1587666783074,28.368957917711068,95.5060511484989,2.757091594385069
821.7416210045603,26.82117915688699,82.11982825502265,2.786051244064805
844.6882984937408,32.896985071424794,0.15651051914729042,3.4074564087125294
767.840024971116,31.58707775500876,63.6401370183407,2.5805916195161287
699.092395800463,29.98195716453139,5.1135381442100725,2.818342632661362
742.3890714605046,30.553635509376313,25.760722033372186,2.9111797043250944
903.1384441857476,32.19201778272264,5.952470034777169,3.7821226149775278
605.7573954519023,27.284547413312985,60.37954529493877,1.8463557974091551
646.4290562027664,34.963339160567415,68.65899134926067,1.9194756547387066
618.4010568087011,34.74793162146783,11.448763806590511,2.3160648164566555
616.2915209275881,31.503256863469367,38.38388830449795,2.099169180041851
942.1842336044028,26.99542450929145,45.6236508955542,3.761702927861495
881.4631437520095,31.802282424312914,36.90530217609166,3.248659836192162
789.6695316349301,25.721984089791757,12.102500048519305,3.38856184389232
639.1336642604006,25.30652502205806,41.89477901874754,2.3318369100747267
796.646350046733,27.576828885112135,75.11780478084181,2.5788488118653548
789.3887083122263,29.626229567393164,7.100766453325546,3.259003238312593
669.2807479640061,33.682725054083804,8.018001408190345,2.588638495893688
773.5406596951892,32.27169069766308,35.47712918359842,2.854048514246527
759.4018937589494,32.42706521199981,94.1725711618925,2.2401284495926794
846.3400392208866,29.254933344480754,66.85726467229141,3.1211655606750224
854.0374603470575,28.45934992546963,67.86699566725648,3.130507019320613
618.1216039088179,28.710387629846025,36.1919990837865,2.0232583567661635
749.8450458505885,34.87649563736058,59.36607912085384,2.520241524327797
850.3439662856946,25.401091914124827,1.0131184027743378,3.8664601410717743
801.2545034320351,33.670314961224484,63.60960464095422,2.7354510235950635
942.5959364753289,30.786754085723935,91.32869475762368,3.293055695604526
863.477452647578,29.386154191895905,61.25734683448192,3.318317755625229
665.1737708325719,32.252576604151365,87.3698593466345,1.909489683224185
628.2274989601719,29.866689414247027,72.39730554660937,1.844761510613998
856.9677112825262,33.73423238081661,12.055841640369025,3.5941043398010843
610.6045242166488,34.007018640112584,90.24533072858418,1.4849177243048393
834.3102325093853,29.217209268734553,6.644384435577488,3.523153437144955
976.092096569983,27.768277972350518,53.39674725477638,3.7559860272837673
830.1896711503516,30.92350328593362,14.213712379345766,3.546682502122839
755.2679704826088,34.123633456166914,1.1706610730904066,3.0003177059646022
857.3152873769413,27.106621890056665,42.2034260127639,3.4756465114237467
783.3011561966066,31.229665835634826,29.504070765415623,3.0468581689902177
818.246715726374,31.315602200925206,48.6000493797603,2.838990423335569
976.5859235106101,32.33113022415281,57.71998867345508,3.6958720556345854
754.4410551203097,26.3156768512726,4.373907230894735,2.9921500155019864
984.4762255295657,32.158249646820884,12.300329512374564,4.218763641270769
962.1402567824255,34.09032520665641,55.86423964504254,3.6587755316274735
678.3164539157185,26.79683108870242,34.316735317265824,2.4532426990666805
627.7445203500662,27.375433249238775,72.9173487549448,1.8743952188116657
640.3112005509706,34.713950940416396,65.22916485919397,2.0504010787296143
607.2887302606199,26.809769527094897,84.56043629899068,1.6040692273451016
637.7771843023713,33.54385093369579,69.24928266692253,1.7196253174630551
873.2027093665428,29.922778564480346,42.99310773901481,3.4857932383992183
628.4754593840916,27.47231074403177,67.29666223944324,2.116223178698469
727.5902521175045,33.707499012725116,27.538117425541852,2.6887896732623866
937.9501243877819,29.453052550026655,30.63134987782127,3.8955223757009994
609.3087742943303,30.148173539296902,78.89851599207933,1.7887428323180081
925.7873930355743,28.592333693997656,44.64195164015822,3.5364223516424973
712.74190990936,30.929508514349273,79.83803405183525,2.098208455204675
647.2659310486625,26.63523872585023,82.24223736682784,2.004289958373503
878.6948661456603,28.910815366517607,85.75623376612837,3.1261971136075166
851.5771387119536,34.694123223352875,91.66352358412072,2.703656079268938
950.9888054108212,27.581334327011277,43.098522051329624,3.6843506846503797
894.0284175215543,31.56736664541292,31.886681832113883,3.718634047548319
921.3923721539395,28.251900642246948,58.21987465941139,3.4066280115494485
712.8138290285226,32.734731256866006,37.117242343762754,2.50468831845052
670.9758175118891,26.308736607183498,60.1074166800233,2.261863972064505
900.2459006563433,34.698210450785446,70.55858626438246,3.257095473693661
922.7338957069056,29.53789541383639,68.84050184921368,3.419904149420886
996.2020568002692,27.36050463346464,37.45528870201213,4.100733854348124
765.0470707645707,25.734967473300127,16.68602016987528,3.1900046556699087
748.8072343171133,26.697579050875408,43.05293384622075,2.7839067189701976
910.5651842967987,30.197739485560177,14.259414408190874,3.8620909391427323
736.3214161012072,28.370031764312863,89.00970351838083,1.97115340226654
972.3029302414259,33.28883365882609,34.58774607378574,3.8201997713857705
943.3651007372048,29.308875236618057,15.445974722332378,4.000320445222017
771.5976109500074,27.4871427258763,2.5447759905750877,3.1676960319648093
900.3484271165989,31.1714498660403,64.58223862864843,3.2711230837568603
901.817149633873,32.06777216885446,63.69023174547432,3.210380865238921
641.249547534373,26.6704190790095,34.060416658129164,2.507782759341932
961.0211626718267,26.676192162883176,7.171188884765101,4.3571720537753045
802.1009489791429,25.36671426933543,40.9628894895232,3.046961007701958
930.5829864430966,32.3640201506564,31.12174950633936,3.6793332629822926
728.0198404122447,31.63804527621805,67.71206397350093,2.3228229002410137
958.2092913984802,29.746308757498138,60.57792494526903,3.545175084773785
755.6806714936653,33.44170448969197,36.459372819754,2.7644780378797593
604.3350605921194,33.05670152950053,21.78925542549901,2.0668205112268367
962.1527905677054,30.85354364396752,98.80359661555919,3.092595580309832
636.5146707144535,33.68271280513259,45.40016211961149,2.1171885986635277
727.725455036166,27.058412100367683,68.82742357802371,2.4721377558154205
980.024786820322,26.119196193977277,14.055296757836079,4.156755466677704
980.2428587750225,27.697496115169898,48.55896996593978,3.951210214988576
829.3751552493145,25.57086856089315,2.7536719869465487,3.544763912242711
852.7348848679197,30.31169528001032,50.545511791044994,3.177301924632741
779.3782087913279,34.36605692294961,96.40174071177023,2.327586899641191
717.2843086792258,25.393435406685096,38.420671298580025,2.690984865806256
731.4658181479664,26.221099140100268,3.8996012574911587,3.139385186577029
869.0073824308154,29.521990282834352,3.095579091934353,3.6719983511892895
900.949811775072,34.338750175279046,38.798675994686946,3.4103406370800995
916.6316174903394,28.161561049767506,16.002493646319405,3.8393159869051194
915.8472571178215,30.072348086883924,2.335209632818591,3.8797793928692195
636.4824412194762,25.41572859050392,75.62136139501769,1.9002066040255479
797.7681218810326,26.483432009620888,45.85230088818907,2.8457871304444797
623.0235040066577,34.86630122958847,28.924477197265453,2.079431348754654
819.8115529294942,34.651186964360456,90.00831830164807,2.4774632930068137
776.6122005493507,25.049399809344095,11.613896020052561,3.2403160711098082
955.0816731033199,34.518117854232386,95.59188289553192,3.1049774348895554
740.3660050208315,31.391199378155004,31.396671737735282,2.7538629001776918
646.8268065710423,33.679182945200225,88.84036723086813,1.720090853451132
657.1966728211344,29.547398556338592,60.294287647946156,2.1795442239126905
904.604252686989,30.155960285792503,82.67073597414874,3.0282181752927806
847.2872253265044,29.8884658025692,98.40131632104642,2.5343335618317595
640.4490704491161,31.668642575461043,28.840543781874572,2.176262621693304
633.642722445999,26.39651254756313,96.1135485407593,1.6304275837516469
880.387652583648,25.29973589872678,38.94818949024204,3.471269518259634
629.1052025456775,28.07929941591191,38.55119047369223,2.1214285130534813
928.7440237161425,32.04680762736647,34.03871042545057,3.532785195353888
882.4968908625985,27.018534521229483,54.14076073475852,3.285094073793399
632.53951225676,31.734324333249173,15.41450431784871,2.392008693451726
633.9350856340768,34.6991204610727,55.37114853580112,1.9814844801744753
994.6558314004701,25.939007157894185,54.1704812410004,3.857051896123631
749.7083183024481,31.726021182251262,76.190181260487,2.310819573048002
748.2568588267563,29.43750219304571,83.36499619375856,2.226214457450551
925.119826903001,33.68142254377506,44.044135031242405,3.5083854162896024
978.8994309535435,26.77149789447386,30.233324935149376,3.9718910841076656
994.4004255291484,31.926259522261645,25.933489731709447,4.131454821207534
901.3512741035767,33.381152896481105,19.462383670487192,3.465922826689978
750.5038342123663,34.44614219474023,5.764758219902488,2.9699857777227563
633.4002866794675,31.83248028289646,34.244797883471335,2.2180145828238693
910.8587663709748,29.971747640084274,27.024769213078326,3.7029946385546557
823.361699894322,31.17847240201214,96.64173858664074,2.7961250319630087
769.6888036987905,33.68904984478718,55.77088262500439,2.6519341978049558
962.5417540378944,30.706097466388297,34.72770390305075,3.7509043221469973
644.4789929224605,25.30387059696837,58.0467600993696,2.1263035269703314
797.0500417163437,34.30948695506978,13.91967013456955,2.9822391347879824
604.5414579069676,31.895267510315612,44.40437492022029,1.9326982151966465
787.4642567976505,31.765133857772465,62.62343214210638,2.5924786797116632
622.5213102727349,27.15675152397717,48.889783179245136,2.172112716647696
647.5271665072288,31.58885470232657,40.177880065432426,2.1491259103757345
647.010498710842,28.938644056541584,99.38483888996981,1.6507546319441555
859.6841208464255,31.512329770414922,88.0314762148927,2.7243034625344618
898.4179517061693,26.065930303079906,62.34059581594401,3.5212503294951416
833.3475060388639,31.57845304603036,56.93773611822828,2.933666831479639
984.8690193898167,34.99413725770667,62.06604798245841,3.787057576318286
749.9482318094816,25.48212038860556,20.131210782243325,3.1202018196646906
714.2848345127443,34.771741842213174,39.51377432643186,2.529058265188678
947.4396512757842,29.069079607228705,3.945953289089932,4.1532304460752
689.4383354077811,33.70753450337259,47.554603748682666,2.3368746793062525
985.2890157762445,32.82385484058273,54.302458395766315,3.534176140177344
604.8617898759265,30.67016260986668,22.77497361032096,2.155267621664014
987.9515306830556,32.38449209251326,96.40288471655137,3.4125547615179306
617.2639647802305,33.78515561301348,90.9454610937242,1.4962723823562305
956.4572454792285,29.04140321651033,72.21432354559059,3.338795942929673
811.08044363452,28.270331615632387,53.33866287653626,2.9513685120368427
997.1859184477202,31.675933855635847,86.99691596476849,3.6528523071037484
629.5186258941595,33.07845941941258,13.065234382346292,2.480060768812555
821.5417137605283,32.62285134776616,79.0509794274885,2.6585413466358294
987.7210142476396,32.978136488586344,12.48208139668483,4.249366455205432
809.2391376680596,29.355833148129328,79.42106625494054,2.6282176607915004
851.759455254105,33.178342161750216,27.576756825135696,3.1490757061014922
878.2994755938469,26.202090553706086,87.7090581018189,2.8979183870639686
781.8164259071093,30.444890979608495,94.40420938253979,2.5124310929687987
851.0232320336254,25.057586604981214,14.879596940511563,3.577769150480457
833.7257247692401,28.245858299002702,46.267560506539354,3.116697454863251
960.4632041963955,28.66461534871398,98.09873781626851,3.218052516217525
618.1785521365831,28.961726916092555,48.34074359731466,2.2186644453452185
712.3852758368921,31.954672066898624,86.35475225145451,2.2218813068681493
980.1645936306235,28.885581012703458,58.87315221313199,3.956257849112542
956.1055135563665,29.486936226225307,37.53299079196019,3.7995544142977193
782.2627011142852,27.375441308743277,28.57835555258702,3.1075835727454
848.0530391206147,28.7325179162934,20.322309108608728,3.3107274912490388
710.9524731924531,27.272696272631514,76.17981913776973,2.3952036917437654
675.2484638895045,25.731959237684435,38.65405068230279,2.3582846727440128
785.4793619759929,31.03448593381378,51.12754622007512,2.817109185379201
741.3408912104211,31.682127985550164,49.23254800011819,2.471006163576636
833.4624447403488,31.194903460096146,57.727902923313124,2.9072484425928202
631.0938547859939,29.634940438005724,86.55771456245522,1.6134670764403332
989.7579230664667,28.797857801792297,98.07393435834294,3.3313055896454755
994.4842977918411,33.633336495718254,40.758420857381694,3.8382582801561256
879.2646856078981,30.19081785136218,82.7518922106303,2.910161269413437
814.4385465376481,29.791818776297312,76.45277946547176,2.7951619536856076
723.8110465145311,25.256420658064357,57.352895145557326,2.4299115886495426
925.5180078827794,28.412478276261563,95.60471436119332,3.125347472978119
873.8924690215517,28.801956187858572,20.04745155284028,3.7147446210527404
665.0467757379565,28.988227808969004,10.92642103096214,2.5848854757494415
964.370873797537,30.801723692273324,85.39619669554222,3.2800660391120355
929.0148971692677,30.336025467268783,43.91498166337483,3.5761516973491894
979.9199653167695,31.079050927934446,84.69688542070605,3.5490224746541696
890.2878033553441,32.648832615421284,89.30902051954149,2.9247829223682156
845.366078374316,33.12985738716094,6.245759361907144,3.44865422104853
767.2972145162475,32.181230762264946,88.34647629860606,2.357784359468682
973.0913933416052,34.55523695954935,44.831905536942216,3.6158039571639753
946.4255558001634,25.182325826763616,51.04324890042322,3.786184724505607
618.0874680424757,26.95777985683546,62.659251109321026,1.9655499627526363
610.5467897989008,25.075628749781423,92.63826067300867,1.5940579201549006
750.5853467512198,31.47474714154603,1.911609442976403,3.0204571166506917
924.2213323127332,33.98030548949987,47.68434683178171,3.3759889912275063
994.9104517259777,27.434822965762994,68.77220424305607,3.791615490518659
660.1667564414113,34.27034544796307,72.27069576982285,2.015617965798473
837.652286140854,25.60267390289561,69.2532431537108,2.91994474640637
752.3563426524086,34.34436026805514,13.443512940812186,2.9862980488479667
987.9657591258413,28.516226872396345,29.93955883716812,3.861405967949392
936.8475692542835,26.014208284492167,35.87155254170135,3.746776382098841
935.3314818844551,29.858717591863257,80.4437207679505,3.2719399566184153
787.4772639179881,27.56776567720508,27.875987241455302,3.016302791933103
765.9278009350661,27.848729019619228,21.070496386720315,2.968308822936783
709.3628287722825,28.072899649262865,95.74480190380962,1.9611301761911701
622.5501986603708,33.030258978326636,0.88632851134689,2.47250180145449
945.8889505020213,30.391612766752544,99.78208556819781,3.1050587396524403
925.160403652031,28.113076991560035,67.68212988573956,3.1628960562390622
999.8870693144522,31.103337833109183,82.84692994491171,3.336829275197454
998.6547348295621,32.161506742231936,29.461939634619316,3.9947376251712616
822.172682241051,27.72624000733534,1.4315277667059978,3.5877919919968435
907.5949660722042,29.135491015253514,73.78695185615301,2.942645007221897
977.9062919529713,26.218860933369477,83.41445970006758,3.481036626481628
939.8589562709647,26.811493495346802,74.04761319535191,3.369963993842626
698.939240697279,31.811178539649827,14.285028730083859,2.8544561232134043
780.2176541240374,26.81438347695627,75.34279222569691,2.572870497652806
651.6637660605979,30.2516338366706,76.8922782107641,1.9226622699360296
981.620410903489,32.090462617224325,65.85405156700548,3.6218780005116504
842.469853780352,26.06876923094744,76.61159327955862,2.7118013035065047
691.4571222013851,30.673122196289036,84.59214396777321,2.0747224490665865
868.6802737623427,27.565627837013636,61.360411423745845,3.2000243483796114
847.2512961831583,34.6292687523758,8.860471396967906,3.505893255866056
743.2650872131362,29.835456467199247,48.76278096672109,3.024612267698118
645.4230368798516,33.05992549775158,7.764933467160507,2.279856045822762
868.6292782371198,30.50226542156262,40.75430310324308,3.498027716698027
808.1230803615173,25.43412532854819,40.71064891256276,3.096081654170959
908.9273566942556,31.33151375594022,6.600984414024158,3.8807295546525333
808.0654004447973,34.51403342206657,34.88205339694793,2.9966745752830524
940.872600127416,31.016118201463314,11.099809879131485,3.930618904476695
820.7627355097942,33.1918885942679,80.82352100092221,2.5747574028305147
824.3751886141545,33.84206463348408,94.76880259644707,2.530297497993921
950.6614410633381,27.280797719489325,7.231647525793861,3.983657406001797
761.3931464849588,27.120448399082267,95.51152072917014,2.384499473903624
653.6060913802563,31.10980988850992,52.25765993367452,2.081638219305813
611.5130705253356,29.110284698067048,29.95656779538739,2.0627870468074274
902.0549022694477,33.3986130286672,7.686207527616351,3.7204388896981495
848.1238205413858,34.00023123398011,50.06242680704178,3.185705131643166
881.6319072396894,28.53421379302718,79.45155444907486,2.989426207145532
685.1856646035643,27.36870558974482,70.70864772666981,2.2073130957771894
654.548590234708,32.80525515243862,5.022601146397376,2.4933162090892464
605.8178662671528,27.74806035548136,7.290183536790352,2.4770184738505954
740.2350235226388,33.226143185136785,40.28732826326371,2.7023297451568418
835.9670747418533,29.23738253648763,29.52904940479433,3.4846581122612106
756.8976180398929,31.675498992914704,23.238432305604782,2.901037392735201
774.9899688094916,25.95535313834668,28.10044989087136,3.1417037628476017
961.6634777974994,31.23859324676573,80.34827432968846,3.3898695347091925
739.3021868093201,29.51767678737229,92.92280536318539,2.3065165228536024
805.5957956639243,30.86608463175474,40.510269452756646,2.933671352396088
913.4612050964572,26.680142077448636,90.61110021324971,3.202092713088544
758.617112928508,32.368737449441824,32.1495701247882,2.8047453847941535
848.8346800911494,33.62797077543229,47.64369863437916,3.0887581808924596
944.9454834986981,27.167398000907756,22.602899781599973,3.964525708104172
979.8082494630569,25.957145555201617,64.0476042175844,3.7646463336780758
658.8293923716152,25.236385860463365,97.89811151748088,1.7988152251618037
970.6350500645977,31.41971500443266,60.34930960433786,3.6427591725080095
796.8465172318153,31.070940360887807,35.78140841135489,3.16281150058399
703.2977553195833,30.466974127140702,64.78174459905284,2.3578768166260957
783.6543024953046,27.319470961159755,12.292067846538757,3.3358768740376297
992.0130301141908,28.909059959055146,88.86590802653987,3.4476709185220655
797.0472375971478,30.94476335186173,50.30839507798363,2.7743328873458357
731.5006441150033,29.967668588591692,44.93497420396421,2.704330162587316
853.3603417266903,34.87785520214887,58.58647884535192,3.070984495389934
696.0582475112773,26.36439752556733,62.47838627894025,2.4754864918307358
630.3453312434656,31.951445540475937,7.177580622651303,2.3805238765843737
651.5518887642597,29.043187681042923,68.26172212234025,1.971323603441003
651.218335583109,29.28199614925615,24.193168031552958,2.264571658362349
660.7610774049177,32.175977656581765,71.39526325065899,1.9070860907802767
655.5308690597641,31.924361513243696,82.25347943841967,1.9162893717076948
856.3498979212859,34.91255993702188,80.39585075525203,2.732890245390652
672.7520337596579,26.28394289454125,55.25009674078891,2.3496283230196577
738.2669133295453,26.041096493841664,52.016989231075115,2.631292433860361
958.7153639624048,32.243388171287414,14.287596133941172,4.03823879786902
789.584656105149,30.78386917006409,77.53461504031355,2.442130607739761
867.0230954084109,27.74160666559806,27.140938044671437,3.5173949082467693
668.9279484806519,25.794193689889866,49.669542281794655,2.0329468486974434
676.9156075234683,25.856582495964304,28.42740929275167,2.5644826789543402
616.3474465065915,33.94190874664118,13.382836299969314,2.106023370228927
667.5740252288658,26.918673247187428,62.95576968917366,2.290538415963526
711.4361356127835,28.233715621155206,5.4332034822903825,3.0159150660943608
670.8041937106988,27.26656402226988,74.86452341262,2.1067115521785045
635.4810135028223,28.549963058319374,31.758679526111667,2.440919633802545
648.2543484402403,25.694238427460935,0.013469300448532007,2.632360628565014
784.3115072130903,30.190597909082705,51.11291392372298,2.981352758438123
682.533487362317,25.676125635922148,4.6851908527603126,2.9455121719915773
745.7079444192302,33.003565078223616,27.616955782089946,2.768643333988885
801.3669083419427,27.33712081910433,70.69764874557161,2.8666776525902047
876.1579314517461,30.400119146045107,6.268962162186586,3.599468301474799
615.7248559364396,33.80079087561458,83.93384923560023,1.4808185536611365
919.7641595636171,31.50877369047194,0.3819922658583108,3.903966429026094
851.1601557963631,30.329577865513354,24.682386920190226,3.3494875816632446
632.7036127795487,28.243337531153756,74.09040561520715,1.752091492846572
949.431449642711,28.33001913058198,31.627014972930677,3.9865950225821414
968.3489602127253,31.694869551981903,10.189238806601352,4.080069581920991
624.4311839419455,34.94139361221168,36.02339188004279,2.0983446255007547
710.7510592588815,31.618391898493787,27.039328638452552,2.593959035298638
922.4805119172245,30.57783417370025,84.27119021605549,2.9760736438967115
899.3038761534633,32.306505102392464,31.334791758514314,3.564047096973466
673.8084077425509,29.65205612283718,78.89324717760073,1.7958429469380257
683.7397293346842,25.60142342600785,89.18721448107347,2.0079346287339823
748.1888411165528,30.6229681587791,43.381741957652956,2.5578359189473714
793.8091940764085,34.5762528450538,90.9943143854392,2.566305369549655
847.3019086121184,26.753029423576596,37.73180539631929,3.4152671728433392
747.565455827909,31.900048908206657,96.40784164901082,2.146323263612452
785.0138864532591,27.009336886590564,8.928952452557294,3.421963837774378
898.9883752535027,30.358276844730813,68.70192665032427,3.116125475123081
614.6732811562391,25.966764496467196,49.38140404569287,2.1145650132619322
700.9747777376083,29.50370936258185,38.76488054556471,2.547131939352629
885.339834353821,32.561633288952464,63.27118787486009,3.1691566353748217
958.0827350748798,28.47571524238982,70.38570916343312,3.6442776289029477
804.6709768462665,31.64911724487218,0.43632696503090873,3.45925847996156
812.8453941061263,32.95449960789729,16.69530887471987,3.267056255907989
642.8688045359104,34.27177819479453,71.30460506343186,1.6503736645265132
778.9649467293818,27.346420818554535,66.63854135782064,2.5855062741696657
813.0469065820092,28.993159158093082,96.60475051286772,2.5070529512599347
696.9882014538919,26.524160133304175,76.1037790250783,2.2027572517802576
707.6972923797524,34.92483502158375,95.0772707731338,1.7761966812683563
750.913665241849,34.27000967924295,70.25405015348069,2.6077952986474218
608.0284791110905,30.399571302805597,29.805220863944314,2.2857381663852547
728.8316662332713,33.42033294376421,10.536492225085647,2.9305985820794644
684.5792027986179,30.20957977272042,78.18238633449356,2.04408424132212
730.9989408711658,31.235856880027598,64.4149221475916,2.3649074482892463
647.9048527277005,25.891244321160165,4.818601239329623,2.578321518819779
956.210912295958,32.55270420496808,36.005046590097834,3.777698063331336
837.4369814216195,26.27713483635235,95.67998154842861,2.7306176489110396
871.6409276577958,33.26067630252528,50.04011457102012,3.06841390898011
915.6684954429353,32.82028087670386,43.272913601970465,3.5226253653853847
799.3768795716229,32.087446977429764,45.7699605159294,2.8819099482677504
634.7681152349695,25.361603805247622,20.88827240051637,2.266945020276992
814.8426167274191,28.031283559453286,36.87071708647952,3.058841740505285
834.7364472083516,27.63112569910843,36.98132559871766,3.209885912730248
898.175789673732,28.601364074715192,5.2355020187472405,4.055265412420902
772.6638184918718,25.876427467638386,76.75676285179182,2.633878227042049
651.0321211182255,34.36957823031063,41.6504431903879,2.0177164521710464
713.5103623194898,30.538022407123762,82.21798868164232,2.1832151055803144
745.232918559454,28.055243106580235,85.03480011198954,2.159981330651934
858.3668965326406,28.969815170742834,21.199405469865805,3.608713229938396
828.3113218675647,29.472025405048356,65.73534821701286,2.8476501538849406
742.4386903591385,31.005943333606172,47.22818041629817,2.61042916208667
994.6060995171919,30.156794276964977,88.0156737921485,3.622317538879394
842.3099277427549,34.193919732144174,21.57406791764541,3.1832142080360124
694.8907166943978,29.9696348290583,67.78132003100443,2.0575358680694795
640.7129890481615,34.921580148233126,60.775212225272256,1.8390212873888219
661.1436556737328,33.514249577450954,29.53014775718328,2.443969694349744
698.3830913538033,27.085105143573358,13.660090365117261,2.6616778426986922
664.2725493038223,34.30595214643916,65.16397604772766,1.7003883833019948
674.6268096205223,26.16366397885476,73.85974581323308,2.0661474245522857
714.0380674775388,33.17449708491192,31.562734376335,2.646247131917198
669.349438117902,28.806232934765802,64.48326040223138,2.245816102845763
958.7061698505701,33.779743204450696,39.51309076115032,3.6764889413437936
632.0934982646569,33.6805669010745,71.32068832826177,1.7325066093075763
809.8045558281019,33.059254001176214,19.92152748940531,3.3040124976485066
764.1587307958646,32.90030436307062,89.02150026361744,2.085598394112194
992.9514467634426,28.04679139098041,28.74095964655797,4.077559732013725
644.8155608672209,25.809192830512522,36.77859877561529,2.359150348962207
759.1422396182967,29.029801787651614,5.8091952080349785,3.201945082386605
987.7881733101476,26.735245149865086,11.15122123212764,4.241743081913072
946.2028503575921,31.949510889024616,51.58619027123281,3.579606232465724
926.8288283797119,28.460997265377856,26.75926767279715,3.548498784521732
703.161130817976,34.75610200859915,83.54802257421944,1.9193785469423175
668.3550349560263,31.40972077345332,1.4693388654953843,2.7442382419115585
867.4572879697723,33.22480563634361,37.90940486719362,3.195466875024586
971.7503956510343,26.325246727418484,33.73455467690927,4.00079991909667
822.7051572055719,33.620144822726225,1.9327630917601035,3.466482508736004
828.64507578796,34.22757190513394,12.436839900051023,3.3000506217508336
711.9916374641136,29.87061918818936,41.36426749186353,2.5659495057378026
907.7971732767747,31.062529377509776,49.28645844474466,3.328597437857771
674.8174994230094,32.64809800902995,40.42897472548691,2.2961746617099745
729.4716945616974,26.748386272604126,53.093767841209385,2.6424746859032333
770.1745754465667,30.025660764634424,59.51316749056815,2.670925283131307
803.044151473782,28.98663027772313,0.992382112783563,3.3669112037302185
696.9638929660321,26.46373992162249,46.409515945350385,2.513871147373286
645.9347298956814,28.675344222915314,96.34992408875883,1.7641285031961744
844.248016976653,25.681723093854934,51.90322801295487,2.9835792150188705
715.4522212961023,25.25811906949487,67.75422674589532,2.5104638641272508
832.4952885690449,26.351662891548226,31.18638579168832,3.2899538532292696
661.7450861096809,34.63115111589174,77.39913781527625,1.88466002340183
792.4560407419269,30.49529535895017,77.2921481876115,2.699177507019039
813.0357730206343,34.6582216115322,52.129604765413895,2.713551015495342
620.7294147289707,29.32497878330132,97.60138232792136,1.4701895744568592
734.6417112775682,28.118161330852594,12.555021476265338,2.956440245420566
653.7658707755897,30.061418628402443,1.6947664889580993,2.572277964307877
625.3499881891071,29.395116886329102,77.0158211757096,1.9421830490455383
995.9840929559781,26.05664684261744,80.71555373648826,3.56595478117998
728.9415379898892,31.408263146902062,12.020722912057625,2.8407805199421414
923.949778341854,27.160381825095996,26.55828329586061,3.8313973254090414
701.8562619055056,31.195879548978297,1.755236336662891,2.7475964025737234
872.6010888895717,31.502010923981533,29.33086107805647,3.4000885440120365
904.0911439558746,26.52024853128648,77.31418739186715,3.2486542013599893
838.2554962431377,25.613496271106683,51.79605277125789,3.1277609876427253
788.6304754200634,32.8076158606844,34.80955931682881,2.929565780828346
764.7363656589074,29.598004237693203,37.17392949063303,2.8070492373895055
739.5473066171982,25.58163795505476,0.1353625715468154,3.033303117351351
971.8116576991304,34.948663171697675,29.98005275652359,3.892443818630387
932.2477631150916,25.577805609963665,64.64587416379305,3.678717268902978
986.0107642666051,31.95035228858553,97.41944438163571,3.318692494823302
649.7188893942179,34.836789252634134,84.70608269838995,1.727324246659262
892.3469900814578,27.391801042159255,2.3594964645529126,3.959576240430261
975.3361827284151,26.422493686871963,89.85606046748393,3.322737385575127
672.4932264662641,26.21384939422429,78.3198413298626,2.2252421969611693
626.598506946711,28.032751475675955,78.03761235709804,1.8121942612913362
896.4482597160236,26.010458110106466,45.79957590035715,3.667222067283328
829.7892452719648,31.92161341694132,39.80052929545028,3.0392053655140954
936.7315107033088,25.622917981300628,30.29157288331926,4.050089657313122
655.9089506505157,30.094221281497898,6.569485895436578,2.6894810180717332
918.1069247439561,34.96696853852977,22.82353634936991,3.7182638980407217
680.6509280190978,33.13970269506019,24.66036349780246,2.5172593966515753
665.4623771462818,31.152194382310107,48.40770697102016,2.1953380665675604
665.7063191723971,28.062536207866117,74.7444406596694,2.1398896309553566
925.8298880925529,31.238958362916385,47.38098283979466,3.5445964317912955
866.07888827848,30.270414639116517,5.784444944716061,3.4704347288041935
809.2261699076478,29.260833838903714,95.77898009882038,2.39140572560126
743.532193649401,26.307103767401994,94.27243190941122,2.2302099985855786
950.8802163252433,33.86604215240467,78.51895431484084,3.32289059374627
756.9780429690542,29.497846488213227,99.13279015642206,2.1979465346267957
926.6397757886309,26.94622511820765,54.448233280026294,3.6716891227581057
775.6539634280873,28.677593508772897,96.27683502532061,2.14683941030791
750.777771769963,29.14129752528927,7.560504061675077,3.109816661377795
785.0719142678425,33.27537895566874,36.568074826137135,2.712373321425751
720.5511496656568,32.33614380561402,22.538126800676583,2.8066228337576544
899.0437520705004,32.6930489364134,19.583308413427,3.6360788260457637
801.0881560369917,25.110312644286473,14.08029488926761,3.4043925756089646
692.8850780587269,29.161539981797617,62.241364156599666,2.1723926530327087
959.8298293098273,29.813441516353237,78.1321855747305,3.549504953640542
753.5564885492845,25.191922768230565,57.82983994203607,2.789818054367336
817.4211444455955,27.59813208745034,14.696270958820968,3.4465348011919494
962.5888443858188,32.60289823122135,81.11237699334708,3.336810762684851
849.6951983655969,26.37109705728999,63.59547071637285,3.143085072047969
646.7592162833456,30.353101314525915,38.81657061269955,2.1678790922004794
975.93284944539,27.152018720172375,67.4130295536063,3.748049143189511
851.0832212285671,25.121207746438934,25.990497924283286,3.658035061403617
733.9622458628344,27.412014575995414,34.51922084942105,2.8834397852979716
655.7088290653548,34.75873754910054,91.74858431319902,1.5929233042320323
917.6100757081184,33.0153711188299,29.05045056714204,3.6733801822198844
848.0291023714054,34.59576644321034,46.99882681579366,2.9489277604590187
813.3844367905286,29.878540439263624,89.01411373960147,2.6364492688889234
957.5570332203831,26.097361986775034,70.77213502675275,3.6031769173851416
915.4388844898124,30.47959488973693,6.220322616470275,3.718417664536404
660.6699518931005,29.54377334559961,14.730304427897034,2.4489928638833036
724.6888271182193,33.44357082739616,0.7841590771916818,2.91841723859688
699.3956559257863,25.980825807842447,63.09217902291634,2.316353998528837
897.5785170290708,29.88241137021778,44.767342541041835,3.3216232387886993
613.4129738943118,26.50048664693984,13.427485090227552,2.4416781585657046
827.9558739485266,28.2467592689006,95.79341210567705,2.6420574242019015
904.9834742962762,32.373570773877994,52.96597239456199,3.3283593188603495
950.7062547046999,29.760181293687666,24.189329411288917,3.8408552035210204
736.832699486363,28.75888285145769,50.06035711547076,2.7132529818896103
928.5029218688051,28.94476278570035,67.96203327351078,3.5495397322037405
644.2526947820829,29.594467684059865,7.623921797356448,2.504778753871
938.5809166938072,32.85016543837057,27.4703815047892,3.699980767938251
650.995464932793,33.92084688940234,80.69654908839937,1.818715662533124
758.914916224147,34.55334686503928,45.966487040266124,2.6080398354425895
918.9181463118214,32.86903386255295,54.65771420322949,3.376693192209429
659.9669709395096,28.154068957480128,43.28160022094693,2.377902788510943
691.7005580930565,31.881347060865423,4.389994264300512,2.5860402978542396
888.9010273572264,29.37603124055392,16.574977982015593,3.8230649646401647
888.0146146184297,27.54670622046051,44.554163874189086,3.4508653623739822
856.4590531541189,33.40871579425922,20.918546540792782,3.3637861700212643
877.57937778684,25.38426348962325,4.997902865967873,3.8213091750599117
817.0897773390385,34.01761992135424,84.36496640518237,2.5576897597183357
700.7196235627811,29.61477464624734,98.11925291641158,1.7569899653803502
738.2783974015678,31.372014768082806,79.31428739967394,2.420302640394767
672.6390867205703,31.593539222057828,85.3784921704667,1.88167229068409
963.3802245334514,33.951177407065366,24.197713031704538,3.940200657253642
833.3567179064482,31.366696821672072,96.06269755131997,2.673977654643004
760.340566705456,31.13933584760062,19.692570445342838,2.8798741663658096
784.8023214576531,25.6665204056069,95.14298103618323,2.506598578717818
978.9133358447261,30.184080219452042,99.4819293965951,3.2693016717787593
661.3405612464321,26.501690008170417,71.17228057460487,2.1496232778443525
834.4919328067189,32.374337687214854,98.1143731791822,2.3311064364623255
802.3554715537864,30.122219208126744,56.95397795671037,2.829883764015167
844.5816941738591,31.802277792083533,25.954178317609035,3.267039066273139
607.2440735283362,25.416729006023843,43.699588566562085,2.134116196918999
948.8495635776605,25.84792016045803,59.35609353787859,3.6807328980371756
972.847312993445,32.16323388062682,7.308156202701499,4.077127735845471
826.0532734356835,25.720843359986734,62.234326461724606,2.9222888489438326
878.6603295507568,25.712567277652585,98.11778367622945,2.886805928582705
968.9997524709183,25.121084752348875,19.010764978372762,4.062805194792365
882.8954537253594,34.5650139829948,79.25951162883833,3.0147802422237304
661.0156171657045,32.375083594590066,90.78987937796194,1.7127569001123573
830.5153440667252,28.53251408502064,94.37015928202209,2.3475260238808286
842.6860185531424,27.965355812876552,96.01356044054472,2.6565051664405535
769.6522685209544,28.497032297458496,52.14596387214719,2.653006675849733
894.5776942498892,32.74653531181182,97.73079079915037,2.6775222754756114
973.7468059076059,31.613706110704143,75.73102071344388,3.3554070363672506
970.2274051627105,26.851955678674678,16.16714362369619,4.163367323186393
780.3357485616528,26.741093353340844,47.690010646797,3.0228208520983
645.2952183363021,25.983956497133974,71.8331175372004,2.019784233753325
993.9364795849337,31.603027197013382,24.734031581908333,4.0296311993437435
935.5592345783737,32.64372662221736,64.06151835488873,3.4298968764157043
649.8650724813067,27.65046428325004,66.66004790466192,1.9838065666730142
968.336753046949,25.20944961030913,16.26997438085659,4.105334992303681
947.9585448248513,25.821716674764275,56.50853124527563,3.5428368113529154
807.5352228504289,34.6786003484503,77.16269109786077,2.397294315629359
836.5101742979717,27.954447774774202,49.88956645359419,3.0855738808024884
759.6010815480521,32.69223147838134,1.2103116776107425,3.14786301038854
621.9046555288126,31.24663568854264,0.9038469079292177,2.4658897277924288
734.0788966583603,28.81939639652896,35.702934397001215,2.6953805185964743
921.1413794392046,27.056872621955552,92.6194068431782,3.043800770255452
601.8528092018412,26.213864181594065,22.867677960360876,2.3171346019422128
733.3996686764576,31.150129680388666,63.43636888716871,2.2779188689081695
759.2674774363774,32.74633780637788,22.207587069332057,2.9969375517453565
814.9582411751692,31.439042535411307,32.16699896595486,3.0241186636153983
967.9422465651041,30.303021332491582,84.8042089601484,3.310365192838902
738.5383977463845,25.41951223431636,72.88614422699469,2.3087617827140807
738.7812807584911,34.684887775943835,9.539927731321063,2.8546691562718047
895.0004992438994,32.987141916545745,42.87020209864336,3.4840888827499463
780.8871763559229,27.928220367009647,2.916976364526447,3.368264519638553
689.8419291759928,34.79970329358851,48.0890146603009,2.370167644607989
780.9758064530773,31.018815896363222,66.24340117010681,2.6742829572304476
656.3428081519199,30.824226582072463,11.850262359815156,2.436359902666962
670.5547946024893,32.48073179429532,28.888493890916568,2.3811954757846188
799.3471090957919,33.117697880901375,39.783662550215695,2.8585250494470285
767.5701798018192,31.564786073315027,91.95310246560497,2.42008164329065
965.93836042724,26.280957463662,99.32550154229641,3.1911387727973652
744.9575596466532,28.382675059944983,4.491129899561585,3.2015927669776616
832.2353401112174,34.280836403260494,76.1007923495392,2.8038474360063623
852.9057151678121,27.24615611843852,37.17240664023432,3.5308434072395554
605.2377826353335,28.721670238375133,39.245818622948,2.0183286629167347
865.4149488066843,29.32076882944196,75.42649733470228,3.057626610055575
671.2143867479006,29.394049896944523,91.84264321454087,2.077929687309088
984.428126987782,31.129395824945256,95.09285945025483,3.2868599562440868
659.4650911012452,34.43075837744708,57.712258603832076,1.8780836771657274
765.8496494908095,27.40692711832505,35.71211593005028,2.735987542396267
634.1398672314575,26.215013763009182,78.75490858587793,1.9301211779244578
998.7497007383789,26.974704898599374,25.100138326230027,4.014938001651748
800.878004132497,33.869249002092694,56.40740288335178,2.7256991064933214
838.1540069280175,31.458108126552062,35.85784615248732,3.2467607292880687
626.830590955371,27.8590678923916,65.66310737078761,1.9388580769041381
899.9841881596711,33.15946938968617,24.03989128935069,3.6388771265295428
683.9622372382344,33.61369996363436,19.159294573482576,2.5781732267637443
959.2217157762855,33.46514338690278,91.8239086675437,3.3364532057992737
682.0558561928028,34.18926533639554,10.18036829495369,2.529458653212687
676.2750882654666,27.522410201733617,50.595790773493164,2.2572698157118762
614.619867139238,32.55041928746278,22.085278296300892,2.123972222456843
788.8267780439996,29.6053949727414,3.892996332566745,3.3961152086257638
825.9364533050466,33.41998552890061,3.601881829142639,3.5153035964953
626.283455771341,32.284906771616136,17.522177210582733,2.355619903250406
910.2110466780042,32.76447446499725,86.67703545060003,3.147344756273068
781.315533899211,31.561618376810713,28.247874397702667,2.875062471245176
809.756107731032,26.77428769469707,95.04591705752958,2.7295580253410368
776.3050987752913,30.450269188969383,58.16222929891936,2.843221679279101
760.3052243501304,34.84669739524508,43.66141897687661,2.741540183801559
823.8561325232872,34.37388066497119,58.00888346694546,3.0298941055246638
662.096098372285,25.431737357970118,51.669838522626776,2.1194850387079778
672.7712521981084,26.648148157294372,75.87762537573252,2.0196722304610644
944.7142484054069,26.31728773454562,28.249606597285226,3.8411990752950746
978.4461848534531,32.259799099852955,35.30503916003024,3.9661324830456386
749.3237265119012,33.17785329856945,89.40943025332507,2.0839531900946517
708.2978692574216,27.13511366310672,94.64565131504055,2.128080074808316
857.5998172956063,30.05852692951829,89.25582274864745,2.9313239348008624
763.4936684392385,33.407030280112,41.94479939573136,2.7994000326450386
610.154542264138,32.32801544766251,78.03655030068816,1.652222001726708
662.4610389464762,30.422372054918483,47.63357333010988,2.1287346862428373
886.388891538959,30.903476904587727,49.75398521461022,3.231649970844402
863.5695767640606,30.083605469162798,20.468010905728395,3.6364575559094297
610.8383970013934,27.975484513188206,59.113030325851646,1.98148689187522
688.7888647731797,30.65021992859016,18.613589775334795,2.6409020756029933
692.4299186352285,31.888853020500907,33.15646990671938,2.451016879122342
868.7570974394914,33.733229158608076,85.50302016199352,2.6115099150942225
607.8842151017457,31.36291353979248,20.707580921085523,2.0980017536335795
641.6434327938296,32.61121537043158,7.115828517343282,2.675976480101056
919.9664341492758,26.60071634954573,6.90075926128163,3.8707646940424016
671.4178648217335,29.6155747441979,94.07845205031079,1.842941290843709
861.0984431407499,25.093316198270934,50.69204379618346,3.3974498510960154
695.2731124186906,27.46678864521623,40.941207181701834,2.3921254505718808
639.776557103738,32.26461715113005,81.08785810079185,1.7611829089662792
697.2688763997817,34.91809951349364,83.5825927910516,2.045948017569585
888.9067727422637,25.99178099587216,33.21910331156046,3.593757142868996
942.2785872425143,29.014943158612883,69.36180574737952,3.7243163211331956
932.0879458267966,33.0007096869916,77.11228158518865,3.062442793654445
758.8734118473819,27.040356346288988,65.46506868659546,2.7047820984335633
867.2340546282585,30.550849493022863,15.159507480009937,3.5562780347410894
681.9937181663283,32.33071296029675,87.5883083517057,1.9646632635923174
717.2590921044053,31.15985450260179,53.90945527360087,2.4681345329039073
958.5343274084479,26.88024734615416,28.24724263700037,3.8992786440381533
605.2007694042944,28.553845686857393,42.52281854376939,2.052598387092565
634.2034123417873,32.837917844853976,3.757109039890738,2.290897469273121
683.1545020584109,30.542265141320165,12.786680122241755,2.7373851563003733
610.6128815495279,25.052296135429128,76.55467505158609,1.816287581122248
672.574174035919,32.60990760028094,0.0011634755366141114,2.77452710028292
833.2166243878769,25.35311354940239,41.65658284822922,3.348266854977759
768.5698202369992,32.45733782731232,52.251018108558846,2.7079541475741324
957.06868443079,27.024805601652375,5.4634420000972295,4.205021832099758
926.9774246953764,34.5807348011938,97.30781629723329,2.882087430814544
736.7269406791504,28.679407513020845,22.612533124967193,2.812699145520758
703.769373372517,28.26931616338079,30.419871963628086,2.7679352859764212
751.8769632669067,26.488880503324445,30.39425122550273,3.069298234583615
836.1179770059231,28.056042154902148,23.04166621173499,3.365241336183017
707.2254563291505,33.766507618282006,0.1473822086311416,2.8639235819191287
849.6595631396536,34.963343376272476,72.93447940879963,2.7292247165854455
763.7646608764962,28.683095305068484,96.68454997992853,2.395591583008571
820.818872340792,29.486106309545427,22.429348328504506,3.3566204345971844
774.4506116541266,32.22070938202737,66.30471918034225,2.7589134224730385
717.786303816767,33.86195780465074,74.18963269587151,2.0819637283141312
979.3813227848627,30.930443341867843,84.84253790905247,3.3920715780946105
905.4423176639043,28.915256981778292,42.262919701360914,3.5494218439229037
656.045270306581,29.12621840848624,30.293090564042924,2.459420031495328
947.3871903591651,31.95618146496807,32.52951340230311,3.750950424718669
794.9724792998054,25.032182636042787,71.26213330985128,2.674301301634289
957.8208907576366,31.195893374598406,81.6779466505636,3.436547872682936
919.9421023789262,28.554930104413575,18.161396775660265,3.9191114783043144
770.0854017876934,32.94197331277084,37.09410081577652,2.7290191244689126
608.987723328047,25.92990639823132,90.19401967491501,1.7599445720370082
707.4709437539784,30.882022669483906,80.66935196947392,2.230040616605135
816.6536858643467,29.809728898861238,98.48584027624759,2.5156450983068117
853.3912879304589,31.423255259052276,75.42482596820807,2.892202861026772
703.1550741732809,25.648535944829682,39.319520102792225,2.6650152280534796
655.7424296291297,30.799837874281312,59.06378339946377,1.9859072496397583
933.9720947197196,30.614845879595237,66.10142542473203,3.399552449675782
993.7608722814209,30.60660094416171,7.845581631712395,4.062978171745828
810.2760729210743,31.034876665964546,54.44969591038651,2.973831436732509
668.6717143393214,31.764679372263622,70.93208284726096,1.8425948335345395
708.9229306077476,33.0498899968077,16.732130400106037,2.866637531944424
607.3562706189867,27.698207201282145,78.06317174255571,1.6691734822470883
965.7195226241996,33.25049410180062,58.37727805141116,3.558648252377756
647.1004331560564,29.982556822634535,95.22217856975946,1.6208558530215462
830.6065902057014,25.770582791343312,4.24222982068917,3.5663951096025417
709.6220882748823,25.58550929243979,26.5326137555467,2.9129272524849528
821.6712010063173,28.342383186960607,60.15538792998241,2.691173596339042
860.5681553407458,32.848969771114675,29.65599122059307,3.476998007684323
931.8967214828806,32.07680934740916,71.44241640712423,3.3373256045051485
682.5685087042413,32.886149646724064,75.9005282521931,1.8754121032790723
604.3983314633922,30.172690564416094,10.251596406647446,2.208490642657241
654.7542520275229,29.401989979554905,51.38544642067677,2.339516299060569
960.0074567392421,26.47452526706284,50.889055559105586,3.6671055347696253
949.5560310250062,28.281927536093114,36.92807702155411,3.697525783128031
838.9652408681234,29.340193661738752,93.29248625696721,2.7888289227726433
840.2067441734614,25.886004296796173,82.75063198732212,2.889662602686754
866.0146698185022,27.20611952711211,69.72093819096368,2.994949018986992
670.1485114493798,30.982252940637387,71.43266357349975,2.038433360239616
965.7647783699839,32.3566311423919,46.17161438131191,3.617399856824935
767.5082099568292,34.9834751139295,92.09945210965759,2.3269591662512408
753.255411299799,34.33113331343558,69.45954272532853,2.491196059464311
807.567082113135,31.425651995351913,72.89810616558164,2.7335419288850145
618.786386710022,29.21248053294072,86.16909037873452,1.684157525228652
666.5133475024318,31.361773647082327,27.4071589342191,2.6073784877150583
895.2134465705482,32.856516180802316,80.7070903866703,3.0118346381088146
633.1194671700506,26.183361909233874,19.524060295649203,2.3285020821670033
841.2608437865553,29.099048896962884,34.53419522448878,3.3239286800318615
698.1396438725284,33.39802285635617,33.56104542698427,2.695732012919387
755.7182456167907,28.83832951933044,97.85254683891405,2.121823219989619
715.4774947082799,30.718722712271866,85.65372237479268,2.070329518878637
742.2690865859797,30.877693608621982,70.11698615902597,2.4342663029773446
887.6183620736982,26.844762531336393,72.70567616153902,3.1687493132257996
718.84868624927,28.622354416522885,56.20727944025711,2.36149319047559
826.5618561187589,28.345112887419322,94.70906671085191,2.731002141359936
790.4201608796399,25.26196708532065,49.62587528823615,3.1826067820111508
865.4684661450592,25.241917638913552,38.05177098698945,3.461599413979521
974.7318957299033,33.316970436757735,16.3035336931591,3.9538779040091705
893.0288388841002,27.730708099728126,78.6205652261058,2.9694283276595335
685.9761514363026,30.180787662388155,73.44439320755914,2.1176186699802764
612.4732540245138,27.98725573588773,38.43550385241349,2.228653851212306
704.90561771993,34.40679245115341,2.519341395922936,2.8587156002668905
838.0311722801019,27.592967588657736,83.89973277180107,2.799058797817459
620.5703253937002,29.29656812738935,1.1417983454073632,2.44657511578771
798.5464988804945,33.72730250484602,70.3699779629051,2.505270301404692
838.7371395667557,33.41933566791809,97.02571097260571,2.6385170073818482
733.6975563267844,26.861014178462774,43.766132814820345,2.7849833320550212
908.3648814983287,33.0264330979571,23.497340499595275,3.491749361867476
642.6393012535087,29.581868867378926,70.48710100433817,2.075672016694652
630.0551126943235,29.829688720853554,81.71281420155852,1.7939607691283612
891.2755024814413,26.33479972415944,54.64303160778473,3.5232106663607503
798.1965264824794,25.806015137571247,96.70352752561462,2.373614279556315
875.3609585710944,32.27939306973765,5.166872165796111,3.5429657942612147
773.9309354414985,29.964611523552996,50.479559830452814,2.7506699174551743
698.5608132956427,29.368507026151796,71.845394732255,2.237258421322147
927.64092706968,32.295082286523964,86.2640471149179,3.309298600761438
919.7663515875918,32.6551289899111,17.925561190779003,3.8370814576134604
877.8785883417706,26.589081676693535,80.00034817636814,3.033339698730098
708.858054891985,31.10225149477641,55.27070757185453,2.2669012480792623
836.0922667476348,26.353540822776857,39.65536819899632,3.379836892564589
744.3895587760107,32.51375086029046,13.171502857909356,2.8434872055200793
636.6328293306536,31.569551562671396,86.52957589089124,1.84932421196816
966.9254301848971,34.56614621083458,15.727320817971535,3.9575925535674283
654.7274523675845,25.689580163564212,30.978785920909925,2.6091160066193244
980.094941528321,25.570547211512544,29.004553196243688,4.1669113604548444
778.4023091831823,27.821870746932,87.14140341908544,2.4504605478421717
